{ "id": "",
  "metric_cfgs": [

    {"metric":"alerts", "type":"alert", "description":"Alerts about other metric values", "dp":"0", "cmp":"notEqualBad"}, 
    {"metric":"design.area", "units":"um^2", "type":"area", "description":"Total design area", "dp":"2", "cmp":"lessBetter"}, 
    {"metric":"design.area.always_on", "units":"um^2", "type":"area", "description":"Total area of always on instances", "dp":"2", "cmp":"lessBetter"}, 
    {"metric":"design.area.area_io", "units":"um^2", "type":"area", "description":"Total area of area_io instances", "dp":"2", "cmp":"lessBetter"}, 
    {"metric":"design.area.blackbox", "units":"um^2", "type":"area", "description":"Total area of block instances", "dp":"2", "cmp":"lessBetter"}, 
    {"metric":"design.area.block", "units":"um^2", "type":"area", "description":"Total area of block instances", "dp":"2", "cmp":"lessBetter"}, 
    {"metric":"design.area.buffer", "units":"um^2", "type":"area", "description":"Total area of buffer instances", "dp":"2", "cmp":"lessBetter", "scan_tcl":"\n  set_alert_metric -id $db_id -uuid $self_uuid -name $metric \"Buffer area increased by over 20%\" -condition [expr { [lindex $previous 0 0] ne {} && [lindex $self 0] ne {} && ( [lindex $previous 0 0] == 0 || (([lindex $self 0] * 100) / [lindex $previous 0 0]) >= 120) }]\n"}, 
    {"metric":"design.area.filler", "units":"um^2", "type":"area", "description":"Total design area of filler isntances", "dp":"2", "cmp":"lessBetter"}, 
    {"metric":"design.area.inverter", "units":"um^2", "type":"area", "description":"Total area of inverter", "dp":"2", "cmp":"lessBetter"}, 
    {"metric":"design.area.io", "units":"um^2", "type":"area", "description":"Total area of io instances", "dp":"2", "cmp":"lessBetter"}, 
    {"metric":"design.area.logical", "units":"um^2", "type":"area", "description":"Total area of logical", "dp":"2", "cmp":"lessBetter"}, 
    {"metric":"design.area.physical", "units":"um^2", "type":"area", "description":"Total area of physical only instances", "dp":"2", "cmp":"lessBetter"}, 
    {"metric":"design.area.power_switch", "units":"um^2", "type":"area", "description":"Total area of power switches instances", "dp":"2", "cmp":"lessBetter"}, 
    {"metric":"design.area.sequential", "units":"um^2", "type":"area", "description":"Total area of sequential instances", "dp":"2", "cmp":"lessBetter"}, 
    {"metric":"design.area.std_cell", "units":"um^2", "type":"area", "description":"Total area of standard cell instances", "dp":"2", "cmp":"lessBetter"}, 
    {"metric":"design.congestion.hotspot.max", "description":"Maximum congestion hotspot size", "dp":"2", "cmp":"lessBetter"}, 
    {"metric":"design.congestion.hotspot.total", "description":"Total size of all congestion hotspots", "dp":"2", "cmp":"lessBetter"}, 
    {"metric":"design.density", "units":"%", "type":"density", "description":"Density w/o filler cells", "dp":"1", "cmp":"lessBetter"}, 
    {"metric":"design.density.peak", "units":"%", "type":"density", "description":"Peak design density w/o filler cells", "dp":"1", "cmp":"lessBetter"}, 
    {"metric":"design.img.floorplan", "tcl":"\n  # Disable floorplan image generation as it is not currently saved in the JSON\n  return {}\n  if {[info commands ::um::userscript::write_floorplan_gif] eq {}} {return {}}\n  return [::um::userscript::write_floorplan_gif -filename snapshot_img_floorplan.[lindex [get_metric -pending name] 1].gif]\n", "type":"img", "dp":"0"}, 
    {"metric":"design.instance.always_on", "description":"Total number of always on instances", "dp":"0", "cmp":"lessBetter"}, 
    {"metric":"design.instance.power_switch", "description":"Total number of power switches", "dp":"0", "cmp":"lessBetter"}, 
    {"metric":"design.instances", "description":"Total number of instances", "dp":"0", "cmp":"lessBetter"}, 
    {"metric":"design.instances.area_io", "description":"Total number of Area IO instances", "dp":"0", "cmp":"lessBetter"}, 
    {"metric":"design.instances.blackbox", "description":"Total number of blackbox instances", "dp":"0", "cmp":"lessBetter"}, 
    {"metric":"design.instances.block", "description":"Total number of block instances", "dp":"0", "cmp":"lessBetter"}, 
    {"metric":"design.instances.buffer", "description":"Total number of buffer instances", "dp":"0", "cmp":"lessBetter"}, 
    {"metric":"design.instances.filler", "description":"Total number of filler instances", "dp":"0", "cmp":"lessBetter"}, 
    {"metric":"design.instances.inverter", "description":"Total number of inverter instances", "dp":"0", "cmp":"lessBetter"}, 
    {"metric":"design.instances.io", "description":"Total number of IO instances", "dp":"0", "cmp":"lessBetter"}, 
    {"metric":"design.instances.logical", "description":"Total number of logical instances", "dp":"0", "cmp":"lessBetter"}, 
    {"metric":"design.instances.physical", "description":"Total number of physical instances", "dp":"0", "cmp":"lessBetter"}, 
    {"metric":"design.instances.sequential", "description":"Total number of sequential instances", "dp":"0", "cmp":"lessBetter"}, 
    {"metric":"design.instances.std_cell", "description":"Total number of standard cell instances", "dp":"0", "cmp":"lessBetter"}, 
    {"metric":"design.name", "type":"area", "description":"Design name", "dp":"0"}, 
    {"metric":"design.nets.avg_pin", "description":"Average terms per net", "dp":"1", "cmp":"lessBetter"}, 
    {"metric":"design.nets.global", "description":"Number of global nets", "dp":"0", "cmp":"lessBetter"}, 
    {"metric":"design.nets.missing_iso", "description":"Number of nets crossing domains w/o ISO", "dp":"0", "cmp":"lessBetter"}, 
    {"metric":"design.nets.signal", "description":"Number of signal nets", "dp":"0", "cmp":"lessBetter"}, 
    {"metric":"design.power_domains", "description":"List of power domains", "dp":"0"}, 
    {"metric":"flow.cputime", "units":"s", "type":"time", "description":"CPU time since the last snapshot", "dp":"0", "cmp":"lessBetter"}, 
    {"metric":"flow.cputime.total", "units":"s", "type":"time", "description":"Total CPU time", "dp":"0", "cmp":"lessBetter"}, 
    {"metric":"flow.cputime.user", "units":"s", "type":"time", "description":"User CPU time since the last snapshot", "dp":"0", "cmp":"lessBetter"}, 
    {"metric":"flow.cputime.user.total", "units":"s", "type":"time", "description":"Total user CPU time", "dp":"0", "cmp":"lessBetter"}, 
    {"metric":"flow.log", "type":"file", "description":"log file", "dp":"0"}, 
    {"metric":"flow.log.verbose", "description":"verbose log file", "dp":"0"}, 
    {"metric":"flow.machine", "tcl":" info hostname ", "description":"Hostname", "dp":"0"}, 
    {"metric":"flow.machine.load", "description":"Host load average", "dp":"2", "cmp":"lessBetter"}, 
    {"metric":"flow.memory", "units":"MB", "type":"memory", "description":"Current memory footprint", "dp":"0", "cmp":"lessBetter"}, 
    {"metric":"flow.memory.resident", "units":"MB", "type":"memory", "description":"Current resident memory footprint", "dp":"0", "cmp":"lessBetter"}, 
    {"metric":"flow.memory.resident.peak", "units":"MB", "type":"memory", "description":"Maximum resident memory footprint", "dp":"0", "cmp":"lessBetter"}, 
    {"metric":"flow.realtime", "units":"s", "type":"time", "description":"Real time since the last snapshot", "dp":"0", "cmp":"lessBetter"}, 
    {"metric":"flow.realtime.total", "units":"s", "type":"time", "description":"Total real time", "dp":"0", "cmp":"lessBetter"}, 
    {"metric":"flow.root_config", "type":"dict", "description":"Non-default root config option values", "dp":"0"}, 
    {"metric":"flow.run_directory", "tcl":" return [pwd] ", "type":"dir", "description":"Current working directory", "dp":"0"}, 
    {"metric":"flow.run_tag", "tcl":" ; #owner: um team\n  if {[is_common_ui_mode]} {\n    return [get_db flow_run_tag]\n  } else {\n    if {[is_attribute -obj_type root flow_run_tag]} { \n      return [um::get_obj flow_run_tag]\n    }\n  }\n  return \"\" \n", "description":"Flow run tag", "dp":"0"}, 
    {"metric":"flow.step.tcl", "type":"tcl", "description":"Tcl that was executed for this step", "dp":"0", "inheritance_enabled":false}, 
    {"metric":"flow.template.feature_enabled", "tcl":"\n  variable ret {}\n  variable f\n  variable s\n  if {[is_common_ui_mode]} {\n    foreach {f s} [get_db flow_template_feature_definition] { \n      if {$s eq {enabled}} { \n        lappend ret $f\n      }\n      if {($s eq {optional}) && [get_db flow_feature_$f]} { \n        lappend ret $f\n      }\n    } \n  } else {\n    if {[is_attribute flow_template_feature_definition -obj_type root]} { \n      foreach {f s} [um::get_obj flow_template_feature_definition] { \n        if {$s eq {enabled}} { \n          lappend ret $f\n        }\n        if {($s eq {optional}) && [um::get_obj flow_feature_$f]} { \n          lappend ret $f\n        }\n      } \n    }\n  }\n  return $ret\n", "description":"The flow template features that are currently enabled", "dp":"0"}, 
    {"metric":"flow.template.type", "tcl":"\n  if {[is_common_ui_mode]} {\n    return [get_db flow_template_type]\n  } else {\n    if {[is_attribute flow_template_type -obj_type root]} { \n      return [um::get_obj flow_template_type]; \n    }\n  }\n  return {}\n", "description":"The type of flow template", "dp":"0"}, 
    {"metric":"flow.tool.name", "tcl":" \n  if {[is_common_ui_mode]} {\n    return [get_db program_name]\n  } else {\n    return [um::get_obj program_name]\n  }\n", "description":"Tool name", "dp":"0"}, 
    {"metric":"flow.tool.name.short", "tcl":"\n  if {[is_common_ui_mode]} {\n    return [get_db program_short_name] \n  } else {\n    return [um::get_obj program_short_name] \n  }\n", "description":"Tool short name", "dp":"0"}, 
    {"metric":"flow.tool.version", "tcl":"\n  if {[is_common_ui_mode]} {\n    return [get_db program_version]\n  } else {\n    return [um::get_obj program_version]\n  }\n", "description":"Tool version", "dp":"0"}, 
    {"metric":"flow.user", "tcl":" set env(USER) ", "description":"User name", "dp":"0"}, 
    {"metric":"messages", "tcl":"\n  variable my_eval eval\n  if {[info commands eval_legacy] ne \"\"} { set my_eval eval_legacy; }\n  # check that the procs exist\n  if {[$my_eval \"namespace eval ::flowkit {info commands generic.get_msg_since_last_call}\"] eq {}} {\n    return {}\n  } else {\n    # call the flowkit messages with out own var\n    return [$my_eval \"::flowkit::generic.get_msg_since_last_call ::um::userscript::metric_last_message\"]\n  }\n", "type":"messages", "description":"messages", "dp":"0", "inheritance_tcl":"\n  # add the counts together of the similar messages\n  # format is: [list {count 1 id IMPDBTCL-247 ... }]\n  variable parent_dict {}\n  variable c\n  variable e\n  foreach c $children {\n    foreach e $c {\n      if {$e ne {}} {\n        if {[dict exists $parent_dict [dict get $e \"id\"]]} {\n          dict set parent_dict [dict get $e \"id\"] \"count\"  [expr [dict get $parent_dict [dict get $e \"id\"] \"count\"]  + [dict get $e \"count\"]]\n        } else {\n          dict set parent_dict [dict get $e \"id\"] $e\n        }\n      }\n    }\n  }\n  return [dict values $parent_dict]  \n"}, 
    {"metric":"name", "description":"Name of the snapshot", "dp":"0"}, 
    {"metric":"power.clock.total", "units":"mw", "description":"Total clock power", "dp":"2", "cmp":"lessBetter"}, 
    {"metric":"power.dynamic.block", "units":"mw", "description":"Block dynamic power", "dp":"2", "cmp":"lessBetter"}, 
    {"metric":"power.dynamic.clock", "units":"mw", "description":"Clock dynamic power", "dp":"2", "cmp":"lessBetter"}, 
    {"metric":"power.dynamic.combinatorial", "units":"mw", "description":"Combinatorial dynamic power", "dp":"2", "cmp":"lessBetter"}, 
    {"metric":"power.dynamic.io", "units":"mw", "description":"IO dynamic power", "dp":"2", "cmp":"lessBetter"}, 
    {"metric":"power.dynamic.sequential", "units":"mw", "description":"Sequential dynamic power", "dp":"2", "cmp":"lessBetter"}, 
    {"metric":"power.dynamic.total", "units":"mw", "description":"Total dynamic power", "dp":"2", "cmp":"lessBetter"}, 
    {"metric":"power.internal.block", "units":"mw", "description":"Internal block power", "dp":"2", "cmp":"lessBetter"}, 
    {"metric":"power.internal.clock", "units":"mw", "description":"Internal clock power", "dp":"2", "cmp":"lessBetter"}, 
    {"metric":"power.internal.clock_combinatorial", "units":"mw", "description":"Internal combinatorial clock power", "dp":"2", "cmp":"lessBetter"}, 
    {"metric":"power.internal.clock_sequential", "units":"mw", "description":"Internal sequential clock power", "dp":"2", "cmp":"lessBetter"}, 
    {"metric":"power.internal.combinatorial", "units":"mw", "description":"Internal combinatorial power", "dp":"2", "cmp":"lessBetter"}, 
    {"metric":"power.internal.io", "units":"mw", "description":"Internal IO power", "dp":"2", "cmp":"lessBetter"}, 
    {"metric":"power.internal.sequential", "units":"mw", "description":"Internal sequential power", "dp":"2", "cmp":"lessBetter"}, 
    {"metric":"power.internal.total", "units":"mw", "description":"Total internal power", "dp":"2", "cmp":"lessBetter"}, 
    {"metric":"power.leakage.block", "units":"mw", "description":"Block leakage power", "dp":"2", "cmp":"lessBetter"}, 
    {"metric":"power.leakage.clock", "units":"mw", "description":"Clock leakage power", "dp":"2", "cmp":"lessBetter"}, 
    {"metric":"power.leakage.clock_combinatorial", "units":"mw", "description":"Combinatorial clock leakage power", "dp":"2", "cmp":"lessBetter"}, 
    {"metric":"power.leakage.clock_sequential", "units":"mw", "description":"Sequential clock leakage power", "dp":"2", "cmp":"lessBetter"}, 
    {"metric":"power.leakage.combinatorial", "units":"mw", "description":"Combinatorial leakage power", "dp":"2", "cmp":"lessBetter"}, 
    {"metric":"power.leakage.io", "units":"mw", "description":"IO leakage power", "dp":"2", "cmp":"lessBetter"}, 
    {"metric":"power.leakage.sequential", "units":"mw", "description":"Sequential leakage power", "dp":"2", "cmp":"lessBetter"}, 
    {"metric":"power.leakage.total", "units":"mw", "description":"Total leakage power", "dp":"2", "cmp":"lessBetter"}, 
    {"metric":"power.switching.block", "units":"mw", "description":"Block switching power", "dp":"2", "cmp":"lessBetter"}, 
    {"metric":"power.switching.clock", "units":"mw", "description":"Clock switching power", "dp":"2", "cmp":"lessBetter"}, 
    {"metric":"power.switching.clock_combinatorial", "units":"mw", "description":"Combinatorial clock switching power", "dp":"2", "cmp":"lessBetter"}, 
    {"metric":"power.switching.clock_sequential", "units":"mw", "description":"Sequential clock switching power", "dp":"2", "cmp":"lessBetter"}, 
    {"metric":"power.switching.combinatorial", "units":"mw", "description":"Combinatorial switching power", "dp":"2", "cmp":"lessBetter"}, 
    {"metric":"power.switching.io", "units":"mw", "description":"IO switching power", "dp":"2", "cmp":"lessBetter"}, 
    {"metric":"power.switching.sequential", "units":"mw", "description":"Sequential switching power", "dp":"2", "cmp":"lessBetter"}, 
    {"metric":"power.switching.total", "units":"mw", "description":"Total switching power", "dp":"2", "cmp":"lessBetter"}, 
    {"metric":"power.total", "units":"mw", "description":"Total power", "dp":"2", "cmp":"lessBetter"}, 
    {"metric":"power.view", "description":"Power analysis view", "dp":"0"}, 
    {"metric":"route.drc.<type>", "description":"DRC count per type", "dp":"0", "cmp":"lessBetter"}, 
    {"metric":"route.drc.total", "description":"Total DRC count", "dp":"0", "cmp":"lessBetter"}, 
    {"metric":"route.layers", "description":"Number of routing layers", "dp":"0"}, 
    {"metric":"route.overcon.<layer>", "description":"GR overcon per layer", "dp":"0", "cmp":"lessBetter"}, 
    {"metric":"route.overcon.total", "description":"Total GR overcon", "dp":"0", "cmp":"lessBetter"}, 
    {"metric":"route.overflow.horizontal", "description":"Trial-route horizontal overflow", "dp":"3", "cmp":"lessBetter"}, 
    {"metric":"route.overflow.vertical", "description":"Trial-route vertical overflow", "dp":"3", "cmp":"lessBetter"}, 
    {"metric":"route.pitch.<layer>", "units":"um", "description":"Routing pitch per layer", "dp":"3"}, 
    {"metric":"route.shielding.nets", "description":"Number of shielded nets", "dp":"0"}, 
    {"metric":"route.shielding.percentage", "description":"Shielding percentage", "dp":"0"}, 
    {"metric":"route.via.multicut.<layer>", "description":"Number of MC vias per layer", "dp":"0", "cmp":"lessBetter"}, 
    {"metric":"route.via.multicut.percentage", "description":"Percentage of MC vias", "dp":"0", "cmp":"lessBetter"}, 
    {"metric":"route.via.multicut.total", "description":"Total number of MC vias", "dp":"0", "cmp":"lessBetter"}, 
    {"metric":"route.via.singlecut.<layer>", "description":"Number of SC vias per layer", "dp":"0", "cmp":"lessBetter"}, 
    {"metric":"route.via.singlecut.percentage", "description":"Percentage of SC vias", "dp":"0"}, 
    {"metric":"route.via.singlecut.total", "description":"Total number of SC vias", "dp":"0", "cmp":"lessBetter"}, 
    {"metric":"route.via.total", "description":"Total number of vias", "dp":"0", "cmp":"lessBetter"}, 
    {"metric":"route.via.total.<layer>", "description":"Total number of vias per layer", "dp":"0", "cmp":"lessBetter"}, 
    {"metric":"route.width.<layer>", "units":"um", "description":"Routing width per layer", "dp":"3"}, 
    {"metric":"route.wirelength.<layer>", "units":"um", "description":"Wirelength per layer", "dp":"3", "cmp":"lessBetter"}, 
    {"metric":"route.wirelength.total", "units":"um", "description":"Total wirelength", "dp":"3", "cmp":"lessBetter"}, 
    {"metric":"timing.analysis_views.all", "description":"All views of setup/hold timing", "dp":"0"}, 
    {"metric":"timing.analysis_views.all.number", "description":"The number of all views of setup/hold timing", "dp":"0"}, 
    {"metric":"timing.drv.max_cap.total", "description":"Total max capacitance violation", "dp":"0", "cmp":"lessBetter"}, 
    {"metric":"timing.drv.max_cap.worst", "description":"Worst max capacitance violation", "dp":"0", "cmp":"lessBetter"}, 
    {"metric":"timing.drv.max_fanout.total", "description":"Total max fanout violations", "dp":"0", "cmp":"lessBetter"}, 
    {"metric":"timing.drv.max_fanout.worst", "description":"Worst max fanout violation", "dp":"0", "cmp":"lessBetter"}, 
    {"metric":"timing.drv.max_length.total", "description":"Total max length violations", "dp":"0", "cmp":"lessBetter"}, 
    {"metric":"timing.drv.max_length.worst", "units":"um", "description":"Worst max length violation", "dp":"3", "cmp":"lessBetter"}, 
    {"metric":"timing.drv.max_tran.total", "description":"Total max transition violations", "dp":"0", "cmp":"lessBetter"}, 
    {"metric":"timing.drv.max_tran.worst", "units":"ns", "description":"Worst max transition violation", "dp":"3", "cmp":"lessBetter"}, 
    {"metric":"timing.hold.worst_path.capture_clock", "description":"Capture clock of the worst hold path", "dp":"0"}, 
    {"metric":"timing.hold.worst_path.freq", "units":"GHz", "description":"Frequency: 1/(capture period-slack) of the worst hold path", "dp":"0", "cmp":"moreBetter"}, 
    {"metric":"timing.hold.worst_path.launch_clock", "description":"Launch clock of the worst hold path", "dp":"0"}, 
    {"metric":"timing.hold.worst_path.view", "description":"Analysis view of the worst hold path", "dp":"0"}, 
    {"metric":"timing.setup.analysis_views.active", "description":"All active views of setup timing", "dp":"0"}, 
    {"metric":"timing.setup.analysis_views.active.number", "description":"The number of all active views of setup timing", "dp":"0"}, 
    {"metric":"timing.setup.analysis_views.enabled", "description":"All enabled views of setup timing", "dp":"0"}, 
    {"metric":"timing.setup.analysis_views.enabled.number", "description":"The number of all enabled views of setup timing", "dp":"0"}, 
    {"metric":"timing.setup.feps", "description":"Total number of setup failing end points", "dp":"0", "cmp":"lessBetter"}, 
    {"metric":"timing.setup.feps.<view>", "description":"Total number of setup failing end points for a specific view", "dp":"0", "cmp":"lessBetter"}, 
    {"metric":"timing.setup.tns", "units":"ns", "type":"slack", "description":"Total negative setup slack (all path groups)", "dp":"3", "cmp":"moreBetter"}, 
    {"metric":"timing.setup.tns.<view>", "units":"ns", "type":"slack", "description":"Total negative setup slack for a specific view", "dp":"3", "cmp":"moreBetter"}, 
    {"metric":"timing.setup.wns", "units":"ns", "type":"slack", "description":"Worst negative setup slack (all path groups)", "dp":"3", "cmp":"moreBetterIgnorePositive"}, 
    {"metric":"timing.setup.wns.<view>", "units":"ns", "type":"slack", "description":"Worst negative setup slack for a specific view", "dp":"3", "cmp":"moreBetterIgnorePositive"}, 
    {"metric":"timing.setup.worst_path.capture_clock", "description":"Capture clock of the worst setup path", "dp":"0"}, 
    {"metric":"timing.setup.worst_path.freq", "units":"GHz", "description":"Frequency: 1/(capture period-slack) of the worst setup path", "dp":"0", "cmp":"moreBetter"}, 
    {"metric":"timing.setup.worst_path.launch_clock", "description":"Launch clock of the worst setup path", "dp":"0"}, 
    {"metric":"timing.setup.worst_path.view", "description":"Analysis view of the worst setup path", "dp":"0"}, 
    {"metric":"timing.si.glitches", "description":"Number of SI glitches", "dp":"0", "cmp":"lessBetter"}, 
    {"metric":"timing.si.noise", "units":"ns", "description":"Amount of noise delay remaining", "dp":"3", "cmp":"lessBetter"}
  ],
  "headers": {
    "design":"minimips" 
  },
  "snapshots": [
    { "name": "elaborate", "uuid": "3acd564b", "path": "elaborate", "branch": "default", "key": "3acd564b", "parent_key": "", "metrics": [
        { "name": "alerts", "value": "" }, 
        { "name": "design.area", "value": "602479.455236" }, 
        { "name": "design.area.block", "value": "0" }, 
        { "name": "design.area.buffer", "value": "0" }, 
        { "name": "design.area.inverter", "value": "0" }, 
        { "name": "design.area.io", "value": "0" }, 
        { "name": "design.area.logical", "value": "601985.50556" }, 
        { "name": "design.area.sequential", "value": "0" }, 
        { "name": "design.area.std_cell", "value": "601985.50556" }, 
        { "name": "design.density", "value": "0" }, 
        { "name": "design.instance.always_on", "value": "0" }, 
        { "name": "design.instances", "value": "23523" }, 
        { "name": "design.instances.area_io", "value": "0" }, 
        { "name": "design.instances.blackbox", "value": "0" }, 
        { "name": "design.instances.block", "value": "0" }, 
        { "name": "design.instances.buffer", "value": "0" }, 
        { "name": "design.instances.inverter", "value": "1673" }, 
        { "name": "design.instances.io", "value": "0" }, 
        { "name": "design.instances.physical", "value": "0" }, 
        { "name": "design.instances.sequential", "value": "1767" }, 
        { "name": "design.instances.std_cell", "value": "20083" }, 
        { "name": "design.name", "value": "minimips" }, 
        { "name": "design.nets.global", "value": "0" }, 
        { "name": "design.nets.signal", "value": "35489" }, 
        { "name": "flow.cputime", "value": "34" }, 
        { "name": "flow.cputime.total", "value": "34" }, 
        { "name": "flow.cputime.user", "value": "34" }, 
        { "name": "flow.cputime.user.total", "value": "34" }, 
        { "name": "flow.log", "value": "/home/inf01185/felipe.bertoglio/CCI2/miniMIPS/synthesis/genus.log6" }, 
        { "name": "flow.machine", "value": "pgmicro01" }, 
        { "name": "flow.machine.load", "value": "2.15" }, 
        { "name": "flow.memory", "value": "327 MB" }, 
        { "name": "flow.memory.resident", "value": "327 MB" }, 
        { "name": "flow.realtime", "value": "37" }, 
        { "name": "flow.realtime.total", "value": "37" }, 
        { "name": "flow.run_directory", "value": "/home/inf01185/felipe.bertoglio/CCI2/miniMIPS/synthesis" }, 
        { "name": "flow.tool.name", "value": "Genus(TM) Synthesis Solution" }, 
        { "name": "flow.tool.name.short", "value": "genus" }, 
        { "name": "flow.tool.version", "value": "GENUS15.22 - 15.20-s024_1" }, 
        { "name": "flow.user", "value": "felipe.bertoglio" }, 
        { "name": "messages", "value": "{count 384 id message:LBR/LBR-31 severity Info short {Promoting a hold arc to removal.}} {count 414 id message:LBR/LBR-43 severity Warning short {Libcell has no area attribute.  Defaulting to 0 area.}} {count 92 id message:LBR/LBR-9 severity Warning short {Library cell has no output pins defined.}} {count 3 id message:LBR/LBR-41 severity Info short {An output library pin lacks a function attribute.}} {count 1 id message:LBR/LBR-436 severity Info short {Could not find an attribute in the library.}} {count 3 id message:LBR/LBR-518 severity Info short {Missing a function attribute in the output pin definition.}} {count 194 id message:LBR/LBR-40 severity Info short {An unsupported construct was detected in this library.}} {count 2 id message:LBR/LBR-412 severity Info short {Created nominal operating condition.}} {count 42 id message:LBR/LBR-101 severity Warning short {Unusable clock gating integrated cell.}} {count 2067 id message:PHYS/PHYS-128 severity Warning short {Library cell pin 'use' attribute is inconsistent between lib and LEF.}} {count 1 id message:PHYS/PHYS-103 severity Warning short {Marking library cell 'avoid'.}} {count 1 id message:ELAB/ELAB-1 severity Info short {Elaborating Design.}} {count 10 id message:ELAB/ELAB-2 severity Info short {Elaborating Subdesign.}} {count 1 id message:ELAB/ELAB-3 severity Info short {Done Elaborating Design.}} {count 11 id message:ELAB/ELAB-5 severity Info short {Binding to architecture.}} {count 116 id message:CWD/CWD-19 severity Info short {An implementation was inferred.}} {count 12 id message:VHDLPT/VHDLPT-509 severity Info short {Analyzing file.}} {count 23 id message:VHDLPT/VHDLPT-514 severity Info short {Design unit stored.}} {count 12 id message:VHDL/VHDL-205 severity Info short {VHDL file(s) analyzed successfully.}} {count 5 id message:CDFG/CDFG-250 severity Info short {Processing multi-dimensional arrays.}} {count 11 id message:CDFG/CDFG-303 severity Info short {Processing HDL design.}} {count 3 id message:CDFG/CDFG-308 severity Info short {Processing HDL design from subprogram.}} {count 2 id message:CDFG/CDFG-309 severity Info short {Processing HDL design from operator.}} {count 1 id message:CDFG/CDFG-360 severity Warning short {Referenced signal not in sensitivity list.  This may cause simulation mismatches between the original and synthesized designs.}} {count 15 id message:CDFG/CDFG-425 severity Info short {Instantiated design.}} {count 6 id message:CDFG/CDFG-478 severity Info short {Converting if statement to equivalent case statement.}} {count 32 id message:CDFG/CDFG-738 severity Info short {Common subexpression eliminated.}} {count 32 id message:CDFG/CDFG-739 severity Info short {Common subexpression kept.}} {count 5 id message:CDFG/CDFG-740 severity Info short {Constant propagating graph.}} {count 14 id message:CDFG/CDFG-742 severity Info short {Common subexpression elimination.}} {count 29 id message:CDFG/CDFG-750 severity Info short {Created sum-of-products hierarchy.}} {count 3 id message:CDFG/CDFG-753 severity Info short {Transformed priority-encoded case to casex.}} {count 4 id message:CDFG/CDFG-754 severity Info short {Transformed if-else-if to priority-encoded case.}} {count 11 id message:CDFG2G/CDFG2G-110 severity Info short {Finished processing module.}}" }, 
        { "name": "name", "value": "elaborate" }, 
        { "name": "timing.analysis_views.all", "value": "" }, 
        { "name": "timing.analysis_views.all.number", "value": "0" }, 
        { "name": "timing.setup.analysis_views.active", "value": "" }, 
        { "name": "timing.setup.analysis_views.active.number", "value": "0" }, 
        { "name": "timing.setup.analysis_views.enabled", "value": "" }, 
        { "name": "timing.setup.analysis_views.enabled.number", "value": "0" }
      ], "total_cpu": 34, "total_cpu_user": 34, "total_real": 37, "delta_cpu_not_child": 34, "delta_cpu_user_not_child": 34, "delta_cpu": 34, "delta_cpu_user": 34, "delta_real": 37, "real_start": 1674525098, "real_end": 1674525135 }, 
    { "name": "syn_generic", "uuid": "3acd562f", "path": "syn_generic", "branch": "default", "key": "3acd562f", "parent_key": "", "previous": [
        "3acd564b"
      ], "metrics": [
        { "name": "alerts", "value": "design.area.buffer {Buffer area increased by over 20%}" }, 
        { "name": "design.area", "value": "423395.830296" }, 
        { "name": "design.area.block", "value": "0" }, 
        { "name": "design.area.buffer", "value": "0" }, 
        { "name": "design.area.inverter", "value": "0" }, 
        { "name": "design.area.io", "value": "0" }, 
        { "name": "design.area.logical", "value": "422901.88062" }, 
        { "name": "design.area.sequential", "value": "0" }, 
        { "name": "design.area.std_cell", "value": "422901.88062" }, 
        { "name": "design.density", "value": "0" }, 
        { "name": "design.instance.always_on", "value": "0" }, 
        { "name": "design.instances", "value": "18776" }, 
        { "name": "design.instances.area_io", "value": "0" }, 
        { "name": "design.instances.blackbox", "value": "0" }, 
        { "name": "design.instances.block", "value": "0" }, 
        { "name": "design.instances.buffer", "value": "0" }, 
        { "name": "design.instances.inverter", "value": "1945" }, 
        { "name": "design.instances.io", "value": "0" }, 
        { "name": "design.instances.physical", "value": "0" }, 
        { "name": "design.instances.sequential", "value": "1724" }, 
        { "name": "design.instances.std_cell", "value": "15107" }, 
        { "name": "design.name", "value": "minimips" }, 
        { "name": "design.nets.global", "value": "0" }, 
        { "name": "design.nets.signal", "value": "19229" }, 
        { "name": "flow.cputime", "value": "60" }, 
        { "name": "flow.cputime.total", "value": "94" }, 
        { "name": "flow.cputime.user", "value": "60" }, 
        { "name": "flow.cputime.user.total", "value": "94" }, 
        { "name": "flow.log", "value": "/home/inf01185/felipe.bertoglio/CCI2/miniMIPS/synthesis/genus.log6" }, 
        { "name": "flow.machine", "value": "pgmicro01" }, 
        { "name": "flow.machine.load", "value": "1.61" }, 
        { "name": "flow.memory", "value": "327 MB" }, 
        { "name": "flow.memory.resident", "value": "327 MB" }, 
        { "name": "flow.realtime", "value": "61" }, 
        { "name": "flow.realtime.total", "value": "98" }, 
        { "name": "flow.run_directory", "value": "/home/inf01185/felipe.bertoglio/CCI2/miniMIPS/synthesis" }, 
        { "name": "flow.tool.name", "value": "Genus(TM) Synthesis Solution" }, 
        { "name": "flow.tool.name.short", "value": "genus" }, 
        { "name": "flow.tool.version", "value": "GENUS15.22 - 15.20-s024_1" }, 
        { "name": "flow.user", "value": "felipe.bertoglio" }, 
        { "name": "messages", "value": "{count 192 id message:LBR/LBR-31 severity Info short {Promoting a hold arc to removal.}} {count 57 id message:GLO/GLO-45 severity Info short {Replacing the synchronous part of an always feeding back flip-flop with a logic constant.}} {count 57 id message:GLO/GLO-12 severity Info short {Replacing a flip-flop with a logic constant 0.}} {count 2 id message:GLO/GLO-34 severity Info short {Deleting instances not driving any primary outputs.}} {count 2 id message:GLO/GLO-32 severity Info short {Deleting sequential instances not driving any primary outputs.}} {count 28 id message:GLO/GLO-42 severity Info short {Equivalent sequential instances have been merged.}} {count 6 id message:TIM/TIM-11 severity Warning short {Possible timing problems have been detected in this design.}} {count 1 id message:POPT/POPT-10 severity Info short {Cannot find requested type of clock-gating integrated cell.}} {count 1 id message:POPT/POPT-12 severity Info short {Could not find any user created clock-gating module.}} {count 1 id message:POPT/POPT-92 severity Info short {A potential clock gating enable was not considered due to the presence of timing exceptions.}} {count 1 id message:POPT/POPT-96 severity Info short {One or more cost groups were automatically created for clock gate enable paths.}} {count 7 id message:GB/GB-6 severity Info short {A datapath component has been ungrouped.}} {count 1 id message:RTLOPT/RTLOPT-1 severity Info short {Optimizing RTL.}} {count 1 id message:RTLOPT/RTLOPT-2 severity Info short {Done optimizing RTL.}} {count 1 id message:RTLOPT/RTLOPT-19 severity Info short {Grouping carry-save logic.}} {count 1 id message:RTLOPT/RTLOPT-20 severity Info short {Accepted carry-save configuration.}} {count 1 id message:RTLOPT/RTLOPT-23 severity Info short {Done grouping carry-save logic.}} {count 1 id message:SYNTH/SYNTH-14 severity Info short {Done gating clocks.}} {count 1 id message:SYNTH/SYNTH-13 severity Info short {Gating clocks.}} {count 1 id message:SYNTH/SYNTH-2 severity Info short {Done synthesizing.}} {count 1 id message:SYNTH/SYNTH-1 severity Info short Synthesizing.} {count 2 id message:ELAB/ELAB-1 severity Info short {Elaborating Design.}} {count 2 id message:ELAB/ELAB-3 severity Info short {Done Elaborating Design.}} {count 1 id message:CWD/CWD-19 severity Info short {An implementation was inferred.}} {count 2 id message:CDFG/CDFG-303 severity Info short {Processing HDL design.}} {count 4 id message:CDFG/CDFG-500 severity Info short {Unused module input port.}} {count 2 id message:CDFG/CDFG-742 severity Info short {Common subexpression elimination.}} {count 2 id message:ELABUTL/ELABUTL-123 severity Warning short {Undriven module output port.}} {count 2 id message:CDFG2G/CDFG2G-110 severity Info short {Finished processing module.}} {count 2 id message:CDFG2G/CDFG2G-616 severity Info short {Latch inferred.}} {count 2 id message:CG/CG-103 severity Info short {Created discrete clock-gating module.}}" }, 
        { "name": "name", "value": "syn_generic" }, 
        { "name": "timing.analysis_views.all", "value": " default_emulate_view" }, 
        { "name": "timing.analysis_views.all.number", "value": "1" }, 
        { "name": "timing.setup.analysis_views.active", "value": " default_emulate_view" }, 
        { "name": "timing.setup.analysis_views.active.number", "value": "1" }, 
        { "name": "timing.setup.analysis_views.enabled", "value": " default_emulate_view" }, 
        { "name": "timing.setup.analysis_views.enabled.number", "value": "1" }
      ], "total_cpu": 94, "total_cpu_user": 94, "total_real": 98, "delta_cpu_not_child": 60, "delta_cpu_user_not_child": 60, "delta_cpu": 60, "delta_cpu_user": 60, "delta_real": 61, "real_start": 1674525135, "real_end": 1674525196 }, 
    { "name": "syn_map", "uuid": "3acd55ec", "path": "syn_map", "branch": "default", "key": "3acd55ec", "parent_key": "", "previous": [
        "3acd562f"
      ], "metrics": [
        { "name": "alerts", "value": "design.area.buffer {Buffer area increased by over 20%}" }, 
        { "name": "design.area", "value": "783617.2295949999" }, 
        { "name": "design.area.block", "value": "0" }, 
        { "name": "design.area.buffer", "value": "13653.410399999964" }, 
        { "name": "design.area.inverter", "value": "35964.33120000078" }, 
        { "name": "design.area.io", "value": "0" }, 
        { "name": "design.area.logical", "value": "496961.388" }, 
        { "name": "design.area.sequential", "value": "92287.33919999984" }, 
        { "name": "design.area.std_cell", "value": "496961.388" }, 
        { "name": "design.density", "value": "0" }, 
        { "name": "design.instance.always_on", "value": "0" }, 
        { "name": "design.instances", "value": "25252" }, 
        { "name": "design.instances.area_io", "value": "0" }, 
        { "name": "design.instances.blackbox", "value": "0" }, 
        { "name": "design.instances.block", "value": "0" }, 
        { "name": "design.instances.buffer", "value": "711" }, 
        { "name": "design.instances.inverter", "value": "3281" }, 
        { "name": "design.instances.io", "value": "0" }, 
        { "name": "design.instances.physical", "value": "0" }, 
        { "name": "design.instances.sequential", "value": "1724" }, 
        { "name": "design.instances.std_cell", "value": "0" }, 
        { "name": "design.name", "value": "minimips" }, 
        { "name": "design.nets.global", "value": "0" }, 
        { "name": "design.nets.signal", "value": "25641" }, 
        { "name": "flow.cputime", "value": "1130" }, 
        { "name": "flow.cputime.total", "value": "1224" }, 
        { "name": "flow.cputime.user", "value": "1130" }, 
        { "name": "flow.cputime.user.total", "value": "1224" }, 
        { "name": "flow.log", "value": "/home/inf01185/felipe.bertoglio/CCI2/miniMIPS/synthesis/genus.log6" }, 
        { "name": "flow.machine", "value": "pgmicro01" }, 
        { "name": "flow.machine.load", "value": "1.2" }, 
        { "name": "flow.memory", "value": "382 MB" }, 
        { "name": "flow.memory.resident", "value": "382 MB" }, 
        { "name": "flow.realtime", "value": "597" }, 
        { "name": "flow.realtime.total", "value": "695" }, 
        { "name": "flow.run_directory", "value": "/home/inf01185/felipe.bertoglio/CCI2/miniMIPS/synthesis" }, 
        { "name": "flow.tool.name", "value": "Genus(TM) Synthesis Solution" }, 
        { "name": "flow.tool.name.short", "value": "genus" }, 
        { "name": "flow.tool.version", "value": "GENUS15.22 - 15.20-s024_1" }, 
        { "name": "flow.user", "value": "felipe.bertoglio" }, 
        { "name": "messages", "value": "{count 17 id message:GLO/GLO-51 severity Info short {Hierarchical instance automatically ungrouped.}} {count 1 id message:TIM/TIM-11 severity Warning short {Possible timing problems have been detected in this design.}} {count 270 id message:PA/PA-7 severity Info short {Resetting power analysis results.}} {count 1 id message:SYNTH/SYNTH-5 severity Info short {Done mapping.}} {count 1 id message:SYNTH/SYNTH-4 severity Info short Mapping.} {count 1 id message:RPT_DP/RPT_DP-100 severity Warning short {The filename, column and line number information will not be available in the report.}}" }, 
        { "name": "name", "value": "syn_map" }, 
        { "name": "timing.analysis_views.all", "value": " default_emulate_view" }, 
        { "name": "timing.analysis_views.all.number", "value": "1" }, 
        { "name": "timing.setup.analysis_views.active", "value": " default_emulate_view" }, 
        { "name": "timing.setup.analysis_views.active.number", "value": "1" }, 
        { "name": "timing.setup.analysis_views.enabled", "value": " default_emulate_view" }, 
        { "name": "timing.setup.analysis_views.enabled.number", "value": "1" }, 
        { "name": "timing.setup.feps", "value": "36" }, 
        { "name": "timing.setup.tns", "value": "-4300 ps" }, 
        { "name": "timing.setup.tns.cost_group:minimips/C2C", "value": "-4300 ps" }, 
        { "name": "timing.setup.tns.cost_group:minimips/C2O", "value": "-0 ps" }, 
        { "name": "timing.setup.tns.cost_group:minimips/I2C", "value": "-0 ps" }, 
        { "name": "timing.setup.tns.cost_group:minimips/I2O", "value": "-0 ps" }, 
        { "name": "timing.setup.tns.cost_group:minimips/cg_enable_group_clock", "value": "-0 ps" }, 
        { "name": "timing.setup.tns.cost_group:minimips/clock", "value": "-0 ps" }, 
        { "name": "timing.setup.tns.cost_group:minimips/default", "value": "-0 ps" }, 
        { "name": "timing.setup.wns", "value": "-230.1 ps" }, 
        { "name": "timing.setup.wns.C2C", "value": "-230.1 ps" }, 
        { "name": "timing.setup.wns.C2O", "value": "no_value ps" }, 
        { "name": "timing.setup.wns.I2C", "value": "2931.0 ps" }, 
        { "name": "timing.setup.wns.I2O", "value": "no_value ps" }, 
        { "name": "timing.setup.wns.cg_enable_group_clock", "value": "0.0 ps" }, 
        { "name": "timing.setup.wns.clock", "value": "478.0 ps" }, 
        { "name": "timing.setup.wns.default", "value": "no_value ps" }
      ], "total_cpu": 1224, "total_cpu_user": 1224, "total_real": 695, "delta_cpu_not_child": 1130, "delta_cpu_user_not_child": 1130, "delta_cpu": 1130, "delta_cpu_user": 1130, "delta_real": 597, "real_start": 1674525196, "real_end": 1674525793 }, 
    { "name": "syn_opt", "uuid": "3acd5395", "path": "syn_opt", "branch": "default", "key": "3acd5395", "parent_key": "", "previous": [
        "3acd55ec"
      ], "metrics": [
        { "name": "alerts", "value": "" }, 
        { "name": "design.area", "value": "760838.172307" }, 
        { "name": "design.area.block", "value": "0" }, 
        { "name": "design.area.buffer", "value": "10791.14399999998" }, 
        { "name": "design.area.inverter", "value": "31515.674400000207" }, 
        { "name": "design.area.io", "value": "0" }, 
        { "name": "design.area.logical", "value": "491369.0544" }, 
        { "name": "design.area.sequential", "value": "91813.88160000062" }, 
        { "name": "design.area.std_cell", "value": "491369.0544" }, 
        { "name": "design.density", "value": "0" }, 
        { "name": "design.instance.always_on", "value": "0" }, 
        { "name": "design.instances", "value": "22974" }, 
        { "name": "design.instances.area_io", "value": "0" }, 
        { "name": "design.instances.blackbox", "value": "0" }, 
        { "name": "design.instances.block", "value": "0" }, 
        { "name": "design.instances.buffer", "value": "447" }, 
        { "name": "design.instances.inverter", "value": "2747" }, 
        { "name": "design.instances.io", "value": "0" }, 
        { "name": "design.instances.physical", "value": "0" }, 
        { "name": "design.instances.sequential", "value": "1723" }, 
        { "name": "design.instances.std_cell", "value": "0" }, 
        { "name": "design.name", "value": "minimips" }, 
        { "name": "design.nets.global", "value": "0" }, 
        { "name": "design.nets.signal", "value": "23367" }, 
        { "name": "flow.cputime", "value": "320" }, 
        { "name": "flow.cputime.total", "value": "1544" }, 
        { "name": "flow.cputime.user", "value": "320" }, 
        { "name": "flow.cputime.user.total", "value": "1544" }, 
        { "name": "flow.log", "value": "/home/inf01185/felipe.bertoglio/CCI2/miniMIPS/synthesis/genus.log6" }, 
        { "name": "flow.machine", "value": "pgmicro01" }, 
        { "name": "flow.machine.load", "value": "1.18" }, 
        { "name": "flow.memory", "value": "392 MB" }, 
        { "name": "flow.memory.resident", "value": "392 MB" }, 
        { "name": "flow.realtime", "value": "330" }, 
        { "name": "flow.realtime.total", "value": "1025" }, 
        { "name": "flow.run_directory", "value": "/home/inf01185/felipe.bertoglio/CCI2/miniMIPS/synthesis" }, 
        { "name": "flow.tool.name", "value": "Genus(TM) Synthesis Solution" }, 
        { "name": "flow.tool.name.short", "value": "genus" }, 
        { "name": "flow.tool.version", "value": "GENUS15.22 - 15.20-s024_1" }, 
        { "name": "flow.user", "value": "felipe.bertoglio" }, 
        { "name": "messages", "value": "{count 6 id message:TUI/TUI-32 severity Warning short {This attribute will be obsolete in a next major release.}} {count 8 id message:TIM/TIM-11 severity Warning short {Possible timing problems have been detected in this design.}} {count 1 id message:POPT/POPT-56 severity Info short {Clock-gating instances are decloned.}} {count 2 id message:POPT/POPT-96 severity Info short {One or more cost groups were automatically created for clock gate enable paths.}} {count 2 id message:PA/PA-7 severity Info short {Resetting power analysis results.}} {count 1 id message:MAP/MAP-136 severity Warning short {The Parallel Incremental Optimization failed.}} {count 1 id message:SYNTH/SYNTH-8 severity Info short {Done incrementally optimizing.}} {count 1 id message:SYNTH/SYNTH-7 severity Info short {Incrementally optimizing.}} {count 1 id message:WDO/WDO-600 severity Info short {'Conformal LEC15.1-p100' or later builds is recommended for verification.}} {count 1 id message:RPT_DP/RPT_DP-100 severity Warning short {The filename, column and line number information will not be available in the report.}}" }, 
        { "name": "name", "value": "syn_opt" }, 
        { "name": "timing.analysis_views.all", "value": " default_emulate_view" }, 
        { "name": "timing.analysis_views.all.number", "value": "1" }, 
        { "name": "timing.setup.analysis_views.active", "value": " default_emulate_view" }, 
        { "name": "timing.setup.analysis_views.active.number", "value": "1" }, 
        { "name": "timing.setup.analysis_views.enabled", "value": " default_emulate_view" }, 
        { "name": "timing.setup.analysis_views.enabled.number", "value": "1" }, 
        { "name": "timing.setup.feps", "value": "0" }, 
        { "name": "timing.setup.tns", "value": "-0 ps" }, 
        { "name": "timing.setup.tns.cost_group:minimips/C2C", "value": "-0 ps" }, 
        { "name": "timing.setup.tns.cost_group:minimips/C2O", "value": "-0 ps" }, 
        { "name": "timing.setup.tns.cost_group:minimips/I2C", "value": "-0 ps" }, 
        { "name": "timing.setup.tns.cost_group:minimips/I2O", "value": "-0 ps" }, 
        { "name": "timing.setup.tns.cost_group:minimips/cg_enable_group_clock", "value": "-0 ps" }, 
        { "name": "timing.setup.tns.cost_group:minimips/clock", "value": "-0 ps" }, 
        { "name": "timing.setup.tns.cost_group:minimips/default", "value": "-0 ps" }, 
        { "name": "timing.setup.wns", "value": "0.0 ps" }, 
        { "name": "timing.setup.wns.C2C", "value": "0.0 ps" }, 
        { "name": "timing.setup.wns.C2O", "value": "no_value ps" }, 
        { "name": "timing.setup.wns.I2C", "value": "2932.1 ps" }, 
        { "name": "timing.setup.wns.I2O", "value": "no_value ps" }, 
        { "name": "timing.setup.wns.cg_enable_group_clock", "value": "0.0 ps" }, 
        { "name": "timing.setup.wns.clock", "value": "386.3 ps" }, 
        { "name": "timing.setup.wns.default", "value": "no_value ps" }
      ], "total_cpu": 1544, "total_cpu_user": 1544, "total_real": 1025, "delta_cpu_not_child": 320, "delta_cpu_user_not_child": 320, "delta_cpu": 320, "delta_cpu_user": 320, "delta_real": 330, "real_start": 1674525793, "real_end": 1674526123 }, 
    { "name": "syn_opt_2", "uuid": "3acd5248", "path": "syn_opt_2", "branch": "default", "key": "3acd5248", "parent_key": "", "previous": [
        "3acd5395"
      ], "metrics": [
        { "name": "alerts", "value": "" }, 
        { "name": "design.area", "value": "760758.66577" }, 
        { "name": "design.area.block", "value": "0" }, 
        { "name": "design.area.buffer", "value": "10791.14399999998" }, 
        { "name": "design.area.inverter", "value": "31515.674400000207" }, 
        { "name": "design.area.io", "value": "0" }, 
        { "name": "design.area.logical", "value": "491322.9384" }, 
        { "name": "design.area.sequential", "value": "91813.88160000062" }, 
        { "name": "design.area.std_cell", "value": "491322.9384" }, 
        { "name": "design.density", "value": "0" }, 
        { "name": "design.instance.always_on", "value": "0" }, 
        { "name": "design.instances", "value": "22971" }, 
        { "name": "design.instances.area_io", "value": "0" }, 
        { "name": "design.instances.blackbox", "value": "0" }, 
        { "name": "design.instances.block", "value": "0" }, 
        { "name": "design.instances.buffer", "value": "447" }, 
        { "name": "design.instances.inverter", "value": "2747" }, 
        { "name": "design.instances.io", "value": "0" }, 
        { "name": "design.instances.physical", "value": "0" }, 
        { "name": "design.instances.sequential", "value": "1723" }, 
        { "name": "design.instances.std_cell", "value": "0" }, 
        { "name": "design.name", "value": "minimips" }, 
        { "name": "design.nets.global", "value": "0" }, 
        { "name": "design.nets.signal", "value": "23363" }, 
        { "name": "flow.cputime", "value": "25" }, 
        { "name": "flow.cputime.total", "value": "1569" }, 
        { "name": "flow.cputime.user", "value": "25" }, 
        { "name": "flow.cputime.user.total", "value": "1569" }, 
        { "name": "flow.log", "value": "/home/inf01185/felipe.bertoglio/CCI2/miniMIPS/synthesis/genus.log6" }, 
        { "name": "flow.machine", "value": "pgmicro01" }, 
        { "name": "flow.machine.load", "value": "1.13" }, 
        { "name": "flow.memory", "value": "388 MB" }, 
        { "name": "flow.memory.resident", "value": "388 MB" }, 
        { "name": "flow.realtime", "value": "29" }, 
        { "name": "flow.realtime.total", "value": "1055" }, 
        { "name": "flow.run_directory", "value": "/home/inf01185/felipe.bertoglio/CCI2/miniMIPS/synthesis" }, 
        { "name": "flow.tool.name", "value": "Genus(TM) Synthesis Solution" }, 
        { "name": "flow.tool.name.short", "value": "genus" }, 
        { "name": "flow.tool.version", "value": "GENUS15.22 - 15.20-s024_1" }, 
        { "name": "flow.user", "value": "felipe.bertoglio" }, 
        { "name": "messages", "value": "{count 8 id message:TIM/TIM-11 severity Warning short {Possible timing problems have been detected in this design.}} {count 1 id message:POPT/POPT-96 severity Info short {One or more cost groups were automatically created for clock gate enable paths.}} {count 2 id message:PA/PA-7 severity Info short {Resetting power analysis results.}} {count 1 id message:SYNTH/SYNTH-24 severity Error short {Invalid 'effort'.}} {count 1 id message:SYNTH/SYNTH-8 severity Info short {Done incrementally optimizing.}} {count 1 id message:SYNTH/SYNTH-7 severity Info short {Incrementally optimizing.}}" }, 
        { "name": "name", "value": "syn_opt_2" }, 
        { "name": "timing.analysis_views.all", "value": " default_emulate_view" }, 
        { "name": "timing.analysis_views.all.number", "value": "1" }, 
        { "name": "timing.setup.analysis_views.active", "value": " default_emulate_view" }, 
        { "name": "timing.setup.analysis_views.active.number", "value": "1" }, 
        { "name": "timing.setup.analysis_views.enabled", "value": " default_emulate_view" }, 
        { "name": "timing.setup.analysis_views.enabled.number", "value": "1" }, 
        { "name": "timing.setup.feps", "value": "0" }, 
        { "name": "timing.setup.tns", "value": "-0 ps" }, 
        { "name": "timing.setup.tns.cost_group:minimips/C2C", "value": "-0 ps" }, 
        { "name": "timing.setup.tns.cost_group:minimips/C2O", "value": "-0 ps" }, 
        { "name": "timing.setup.tns.cost_group:minimips/I2C", "value": "-0 ps" }, 
        { "name": "timing.setup.tns.cost_group:minimips/I2O", "value": "-0 ps" }, 
        { "name": "timing.setup.tns.cost_group:minimips/cg_enable_group_clock", "value": "-0 ps" }, 
        { "name": "timing.setup.tns.cost_group:minimips/clock", "value": "-0 ps" }, 
        { "name": "timing.setup.tns.cost_group:minimips/default", "value": "-0 ps" }, 
        { "name": "timing.setup.wns", "value": "0.0 ps" }, 
        { "name": "timing.setup.wns.C2C", "value": "0.0 ps" }, 
        { "name": "timing.setup.wns.C2O", "value": "no_value ps" }, 
        { "name": "timing.setup.wns.I2C", "value": "2932.1 ps" }, 
        { "name": "timing.setup.wns.I2O", "value": "no_value ps" }, 
        { "name": "timing.setup.wns.cg_enable_group_clock", "value": "0.0 ps" }, 
        { "name": "timing.setup.wns.clock", "value": "386.3 ps" }, 
        { "name": "timing.setup.wns.default", "value": "no_value ps" }
      ], "total_cpu": 1569, "total_cpu_user": 1569, "total_real": 1055, "delta_cpu_not_child": 25, "delta_cpu_user_not_child": 25, "delta_cpu": 25, "delta_cpu_user": 25, "delta_real": 29, "real_start": 1674526124, "real_end": 1674526153 }
  ],
  "metrics": [
    { "name": "alerts", "value": "", "inherited": true }, 
    { "name": "design.area", "value": "760758.66577", "inherited": true }, 
    { "name": "design.area.block", "value": "0", "inherited": true }, 
    { "name": "design.area.buffer", "value": "10791.14399999998", "inherited": true }, 
    { "name": "design.area.inverter", "value": "31515.674400000207", "inherited": true }, 
    { "name": "design.area.io", "value": "0", "inherited": true }, 
    { "name": "design.area.logical", "value": "491322.9384", "inherited": true }, 
    { "name": "design.area.sequential", "value": "91813.88160000062", "inherited": true }, 
    { "name": "design.area.std_cell", "value": "491322.9384", "inherited": true }, 
    { "name": "design.density", "value": "0", "inherited": true }, 
    { "name": "design.instance.always_on", "value": "0", "inherited": true }, 
    { "name": "design.instances", "value": "22971", "inherited": true }, 
    { "name": "design.instances.area_io", "value": "0", "inherited": true }, 
    { "name": "design.instances.blackbox", "value": "0", "inherited": true }, 
    { "name": "design.instances.block", "value": "0", "inherited": true }, 
    { "name": "design.instances.buffer", "value": "447", "inherited": true }, 
    { "name": "design.instances.inverter", "value": "2747", "inherited": true }, 
    { "name": "design.instances.io", "value": "0", "inherited": true }, 
    { "name": "design.instances.physical", "value": "0", "inherited": true }, 
    { "name": "design.instances.sequential", "value": "1723", "inherited": true }, 
    { "name": "design.instances.std_cell", "value": "0", "inherited": true }, 
    { "name": "design.name", "value": "minimips", "inherited": true }, 
    { "name": "design.nets.global", "value": "0", "inherited": true }, 
    { "name": "design.nets.signal", "value": "23363", "inherited": true }, 
    { "name": "flow.cputime", "value": "1569" }, 
    { "name": "flow.cputime.total", "value": "1569" }, 
    { "name": "flow.cputime.user", "value": "1569" }, 
    { "name": "flow.cputime.user.total", "value": "1569" }, 
    { "name": "flow.log", "value": "/home/inf01185/felipe.bertoglio/CCI2/miniMIPS/synthesis/genus.log6", "inherited": true }, 
    { "name": "flow.machine", "value": "pgmicro01", "inherited": true }, 
    { "name": "flow.machine.load", "value": "1.13", "inherited": true }, 
    { "name": "flow.memory", "value": "388 MB", "inherited": true }, 
    { "name": "flow.memory.resident", "value": "388 MB", "inherited": true }, 
    { "name": "flow.realtime", "value": "1055" }, 
    { "name": "flow.realtime.total", "value": "1055" }, 
    { "name": "flow.run_directory", "value": "/home/inf01185/felipe.bertoglio/CCI2/miniMIPS/synthesis", "inherited": true }, 
    { "name": "flow.tool.name", "value": "Genus(TM) Synthesis Solution", "inherited": true }, 
    { "name": "flow.tool.name.short", "value": "genus", "inherited": true }, 
    { "name": "flow.tool.version", "value": "GENUS15.22 - 15.20-s024_1", "inherited": true }, 
    { "name": "flow.user", "value": "felipe.bertoglio", "inherited": true }, 
    { "name": "messages", "value": "{count 576 id message:LBR/LBR-31 severity Info short {Promoting a hold arc to removal.}} {count 414 id message:LBR/LBR-43 severity Warning short {Libcell has no area attribute.  Defaulting to 0 area.}} {count 92 id message:LBR/LBR-9 severity Warning short {Library cell has no output pins defined.}} {count 3 id message:LBR/LBR-41 severity Info short {An output library pin lacks a function attribute.}} {count 1 id message:LBR/LBR-436 severity Info short {Could not find an attribute in the library.}} {count 3 id message:LBR/LBR-518 severity Info short {Missing a function attribute in the output pin definition.}} {count 194 id message:LBR/LBR-40 severity Info short {An unsupported construct was detected in this library.}} {count 2 id message:LBR/LBR-412 severity Info short {Created nominal operating condition.}} {count 42 id message:LBR/LBR-101 severity Warning short {Unusable clock gating integrated cell.}} {count 2067 id message:PHYS/PHYS-128 severity Warning short {Library cell pin 'use' attribute is inconsistent between lib and LEF.}} {count 1 id message:PHYS/PHYS-103 severity Warning short {Marking library cell 'avoid'.}} {count 3 id message:ELAB/ELAB-1 severity Info short {Elaborating Design.}} {count 10 id message:ELAB/ELAB-2 severity Info short {Elaborating Subdesign.}} {count 3 id message:ELAB/ELAB-3 severity Info short {Done Elaborating Design.}} {count 11 id message:ELAB/ELAB-5 severity Info short {Binding to architecture.}} {count 117 id message:CWD/CWD-19 severity Info short {An implementation was inferred.}} {count 12 id message:VHDLPT/VHDLPT-509 severity Info short {Analyzing file.}} {count 23 id message:VHDLPT/VHDLPT-514 severity Info short {Design unit stored.}} {count 12 id message:VHDL/VHDL-205 severity Info short {VHDL file(s) analyzed successfully.}} {count 5 id message:CDFG/CDFG-250 severity Info short {Processing multi-dimensional arrays.}} {count 13 id message:CDFG/CDFG-303 severity Info short {Processing HDL design.}} {count 3 id message:CDFG/CDFG-308 severity Info short {Processing HDL design from subprogram.}} {count 2 id message:CDFG/CDFG-309 severity Info short {Processing HDL design from operator.}} {count 1 id message:CDFG/CDFG-360 severity Warning short {Referenced signal not in sensitivity list.  This may cause simulation mismatches between the original and synthesized designs.}} {count 15 id message:CDFG/CDFG-425 severity Info short {Instantiated design.}} {count 6 id message:CDFG/CDFG-478 severity Info short {Converting if statement to equivalent case statement.}} {count 32 id message:CDFG/CDFG-738 severity Info short {Common subexpression eliminated.}} {count 32 id message:CDFG/CDFG-739 severity Info short {Common subexpression kept.}} {count 5 id message:CDFG/CDFG-740 severity Info short {Constant propagating graph.}} {count 16 id message:CDFG/CDFG-742 severity Info short {Common subexpression elimination.}} {count 29 id message:CDFG/CDFG-750 severity Info short {Created sum-of-products hierarchy.}} {count 3 id message:CDFG/CDFG-753 severity Info short {Transformed priority-encoded case to casex.}} {count 4 id message:CDFG/CDFG-754 severity Info short {Transformed if-else-if to priority-encoded case.}} {count 13 id message:CDFG2G/CDFG2G-110 severity Info short {Finished processing module.}} {count 57 id message:GLO/GLO-45 severity Info short {Replacing the synchronous part of an always feeding back flip-flop with a logic constant.}} {count 57 id message:GLO/GLO-12 severity Info short {Replacing a flip-flop with a logic constant 0.}} {count 2 id message:GLO/GLO-34 severity Info short {Deleting instances not driving any primary outputs.}} {count 2 id message:GLO/GLO-32 severity Info short {Deleting sequential instances not driving any primary outputs.}} {count 28 id message:GLO/GLO-42 severity Info short {Equivalent sequential instances have been merged.}} {count 23 id message:TIM/TIM-11 severity Warning short {Possible timing problems have been detected in this design.}} {count 1 id message:POPT/POPT-10 severity Info short {Cannot find requested type of clock-gating integrated cell.}} {count 1 id message:POPT/POPT-12 severity Info short {Could not find any user created clock-gating module.}} {count 1 id message:POPT/POPT-92 severity Info short {A potential clock gating enable was not considered due to the presence of timing exceptions.}} {count 4 id message:POPT/POPT-96 severity Info short {One or more cost groups were automatically created for clock gate enable paths.}} {count 7 id message:GB/GB-6 severity Info short {A datapath component has been ungrouped.}} {count 1 id message:RTLOPT/RTLOPT-1 severity Info short {Optimizing RTL.}} {count 1 id message:RTLOPT/RTLOPT-2 severity Info short {Done optimizing RTL.}} {count 1 id message:RTLOPT/RTLOPT-19 severity Info short {Grouping carry-save logic.}} {count 1 id message:RTLOPT/RTLOPT-20 severity Info short {Accepted carry-save configuration.}} {count 1 id message:RTLOPT/RTLOPT-23 severity Info short {Done grouping carry-save logic.}} {count 1 id message:SYNTH/SYNTH-14 severity Info short {Done gating clocks.}} {count 1 id message:SYNTH/SYNTH-13 severity Info short {Gating clocks.}} {count 1 id message:SYNTH/SYNTH-2 severity Info short {Done synthesizing.}} {count 1 id message:SYNTH/SYNTH-1 severity Info short Synthesizing.} {count 4 id message:CDFG/CDFG-500 severity Info short {Unused module input port.}} {count 2 id message:ELABUTL/ELABUTL-123 severity Warning short {Undriven module output port.}} {count 2 id message:CDFG2G/CDFG2G-616 severity Info short {Latch inferred.}} {count 2 id message:CG/CG-103 severity Info short {Created discrete clock-gating module.}} {count 17 id message:GLO/GLO-51 severity Info short {Hierarchical instance automatically ungrouped.}} {count 274 id message:PA/PA-7 severity Info short {Resetting power analysis results.}} {count 1 id message:SYNTH/SYNTH-5 severity Info short {Done mapping.}} {count 1 id message:SYNTH/SYNTH-4 severity Info short Mapping.} {count 2 id message:RPT_DP/RPT_DP-100 severity Warning short {The filename, column and line number information will not be available in the report.}} {count 6 id message:TUI/TUI-32 severity Warning short {This attribute will be obsolete in a next major release.}} {count 1 id message:POPT/POPT-56 severity Info short {Clock-gating instances are decloned.}} {count 1 id message:MAP/MAP-136 severity Warning short {The Parallel Incremental Optimization failed.}} {count 2 id message:SYNTH/SYNTH-8 severity Info short {Done incrementally optimizing.}} {count 2 id message:SYNTH/SYNTH-7 severity Info short {Incrementally optimizing.}} {count 1 id message:WDO/WDO-600 severity Info short {'Conformal LEC15.1-p100' or later builds is recommended for verification.}} {count 1 id message:SYNTH/SYNTH-24 severity Error short {Invalid 'effort'.}}", "inherited": true }, 
    { "name": "name", "value": "syn_opt_2", "inherited": true }, 
    { "name": "timing.analysis_views.all", "value": " default_emulate_view", "inherited": true }, 
    { "name": "timing.analysis_views.all.number", "value": "1", "inherited": true }, 
    { "name": "timing.setup.analysis_views.active", "value": " default_emulate_view", "inherited": true }, 
    { "name": "timing.setup.analysis_views.active.number", "value": "1", "inherited": true }, 
    { "name": "timing.setup.analysis_views.enabled", "value": " default_emulate_view", "inherited": true }, 
    { "name": "timing.setup.analysis_views.enabled.number", "value": "1", "inherited": true }, 
    { "name": "timing.setup.feps", "value": "0", "inherited": true }, 
    { "name": "timing.setup.tns", "value": "-0 ps", "inherited": true }, 
    { "name": "timing.setup.tns.cost_group:minimips/C2C", "value": "-0 ps", "inherited": true }, 
    { "name": "timing.setup.tns.cost_group:minimips/C2O", "value": "-0 ps", "inherited": true }, 
    { "name": "timing.setup.tns.cost_group:minimips/I2C", "value": "-0 ps", "inherited": true }, 
    { "name": "timing.setup.tns.cost_group:minimips/I2O", "value": "-0 ps", "inherited": true }, 
    { "name": "timing.setup.tns.cost_group:minimips/cg_enable_group_clock", "value": "-0 ps", "inherited": true }, 
    { "name": "timing.setup.tns.cost_group:minimips/clock", "value": "-0 ps", "inherited": true }, 
    { "name": "timing.setup.tns.cost_group:minimips/default", "value": "-0 ps", "inherited": true }, 
    { "name": "timing.setup.wns", "value": "0.0 ps", "inherited": true }, 
    { "name": "timing.setup.wns.C2C", "value": "0.0 ps", "inherited": true }, 
    { "name": "timing.setup.wns.C2O", "value": "no_value ps", "inherited": true }, 
    { "name": "timing.setup.wns.I2C", "value": "2932.1 ps", "inherited": true }, 
    { "name": "timing.setup.wns.I2O", "value": "no_value ps", "inherited": true }, 
    { "name": "timing.setup.wns.cg_enable_group_clock", "value": "0.0 ps", "inherited": true }, 
    { "name": "timing.setup.wns.clock", "value": "386.3 ps", "inherited": true }, 
    { "name": "timing.setup.wns.default", "value": "no_value ps", "inherited": true }
  ],
  "total_cpu": 1569, "total_cpu_user": 1569, "total_real": 1055
}